{
  "precision_at_3": 0.9780853517877738,
  "strict_precision_at_3": 0.9677047289504036,
  "recall_at_3": 0.034332110463277124,
  "ndcg_at_3": 0.9782142494430246,
  "mean_label_jaccard_at_3": 0.8082660515186466,
  "mrr_at_3": 0.9803921568627451,
  "precision_at_5": 0.9806228373702424,
  "strict_precision_at_5": 0.9660899653979238,
  "recall_at_5": 0.057431542002873114,
  "ndcg_at_5": 0.9800660278793216,
  "mean_label_jaccard_at_5": 0.7979601252265613,
  "mrr_at_5": 0.9829873125720876,
  "precision_at_10": 0.9802768166089963,
  "strict_precision_at_10": 0.9550173010380623,
  "recall_at_10": 0.11475564477222437,
  "ndcg_at_10": 0.9800029205395419,
  "mean_label_jaccard_at_10": 0.7751219311253913,
  "mrr_at_10": 0.9829873125720876,
  "evaluated_queries": 289,
  "ground_truth_soft": "A recommendation is relevant (soft) if it shares at least one of the query destination's labels. WARNING: with 8 broad labels, this makes Precision@K appear very high (~0.98). See strict_precision_at_K for a fairer metric.",
  "ground_truth_strict": "A recommendation is strictly relevant if Jaccard(labels_A, labels_B) >= 0.33. This requires non-trivial label overlap and is a more honest signal for a course evaluation.",
  "strict_jaccard_threshold": 0.33
}